INSERT INTO patients VALUES
    ('pJuanetes', '1999-12-03', 'pjuanetes@uade.edu.ar', 'Juanetes',  'Pepito'),
    ('juanito01', '2004-02-22', 'juanito01@uade.edu.ar', 'González', 'Juan'),
    ('maria22', '2003-10-08', 'maria22@uade.edu.ar', 'Rodríguez', 'María'),
    ('andres_89', '2001-09-12', 'andres_89@uade.edu.ar', 'Martínez', 'Andrés'),
    ('sofialopez', '2000-11-03', 'sofialopez@uade.edu.ar', 'López', 'Sofía'),
    ('ale_perez', '2002-05-18', 'ale_perez@uade.edu.ar', 'Pérez', 'Alejandro'),
    ('v.gomez', '2001-08-14', 'v.gomez@uade.edu.ar', 'Gómez', 'Valentina'),
    ('carlos.s', '2000-02-01', 'carlos.s@uade.edu.ar', 'Sánchez', 'Carlos'),
    ('lfernandez', '1997-11-20', 'lfernandez@uade.edu.ar', 'Fernández', 'Laura'),
    ('gabrieltorres', '1997-04-04', 'gabrieltorres@uade.edu.ar', 'Torres', 'Gabriel'),
    ('bella_ram', '2002-09-29', 'bella_ram@uade.edu.ar', 'Ramírez', 'Isabella'),
    ('pedromendo', '2003-03-27', 'pedromendo@uade.edu.ar', 'Mendoza', 'Pedro'),
    ('cami_vargas', '2001-06-21', 'cami_vargas@uade.edu.ar', 'Vargas', 'Camila'),
    ('javier.castro', '2000-12-10', 'javier.castro@uade.edu.ar', 'Castro', 'Javier'),
    ('nataliah', '1999-01-15', 'nataliah@uade.edu.ar', 'Herrera', 'Natalia'),
    ('diegosilva', '2001-06-14', 'diegosilva@uade.edu.ar', 'Silva', 'Diego'),
    ('ana23', '1998-08-03', 'ana23@uade.edu.ar', 'Torres', 'Ana'),
    ('dancord', '1996-06-22', 'dancord@uade.edu.ar', 'Córdoba', 'Daniel'),
    ('gabiguz', '1995-03-15', 'gabiguz@uade.edu.ar', 'Guzmán', 'Gabriela'),
    ('luiso', '2002-11-26', 'luiso@uade.edu.ar', 'Ortiz', 'Luis'),
    ('vicky.rios', '2001-09-05', 'vicky.rios@uade.edu.ar', 'Ríos', 'Victoria');

INSERT INTO therapists
VALUES
    ('jperez', 'HIBRIDO', 5000,'Juan Pérez es un terapeuta radicado en Buenos Aires, donde ha establecido una sólida reputación en el campo de la psicología. A sus 42 años, Juan se especializa en el tratamiento del duelo, el estrés y la terapia grupal. Después de obtener su título en Psicología en la Universidad de Buenos Aires, decidió enfocar su carrera en brindar apoyo a aquellos que han experimentado pérdidas significativas y ayudar a las personas a desarrollar habilidades de afrontamiento efectivas. Juan encuentra gran satisfacción en ver cómo sus pacientes encuentran la fortaleza y el apoyo en el proceso de curación.', '1992-03-15', 'jperez@uade.edu.ar', 'Pérez', '0112345678', 'Juan', '01112345678','https://www.cbre.ca/-/media/project/cbre/shared-site/canada-emerald/canada-headshots/juan-perez-752x752.jpg', 'PARQUE_AVELLANEDA', 'PSICOANALISIS'),
    ('mlopez', 'VIRTUAL', 4500,'María López es una terapeuta apasionada y compasiva que se especializa en el tratamiento de la depresión, el duelo y la terapia familiar. Con 38 años de edad, María es oriunda de Buenos Aires y se graduó en Psicología en la Universidad de la ciudad. Trabaja en un centro comunitario, donde ofrece un espacio seguro y de apoyo para que los individuos y las familias superen sus desafíos emocionales y construyan relaciones saludables.', '1985-09-10', 'mlopez@uade.edu.ar', 'López', '0223456789', 'María', '01123456789','https://encrypted-tbn0.gstatic.com/images?q=tbn:ANd9GcS2cb5MsPqGwFnOtDgUXodsQtzbgQEOA8oLjw&usqp=CAU', 'BELGRANO', 'TERAPIA_COGNITIVO_CONDUCTUAL'),
    ('rgonzalez', 'HIBRIDO', 4750,'Roberto González es un terapeuta con amplia experiencia en el campo de la psicología. A sus 45 años, se dedica a ayudar a pacientes en Buenos Aires que sufren de dependencia emocional, depresión, trastorno por déficit de atención con hiperactividad (TDAH) y utiliza enfoques cognitivo-conductuales para abordar sus problemas. Estudió en la Universidad Nacional de Buenos Aires y ha trabajado en diversas clínicas y centros de salud mental, brindando apoyo a aquellos que buscan una vida más equilibrada y saludable.', '1990-06-25', 'rgonzalez@uade.edu.ar', 'González', '0334567890', 'Roberto', '01134567890','https://pymstatic.com/86873/conversions/fernando-azor-perito-psicologo-mobbing-small-4_3.jpg', 'BELGRANO', 'TERAPIA_GRUPAL'),
    ('fsanchez', 'VIRTUAL', 5000,'Fernanda Sánchez es una terapeuta que se mudó a Buenos Aires en busca de nuevas oportunidades. Su pasión por comprender la dependencia emocional, el bullying, el TDAH y el suicidio la llevó a estudiar Psicología en una reconocida universidad. A los 40 años, Fernanda trabaja en un centro de salud mental, brindando terapia individual y grupal a personas que buscan liberarse de patrones de conducta nocivos y encontrar una mayor estabilidad emocional.', '1988-11-02', 'fsanchez@uade.edu.ar', 'Sánchez', '0445678901', 'Fernanda', '01145678901','https://encrypted-tbn0.gstatic.com/images?q=tbn:ANd9GcSNOk7ao_IGfdW_ZuKYsWm8BXxaP3xL-zLzjA&usqp=CAU', 'ALMAGRO', 'TERAPIA_FAMILIAR'),
    ('pgomez', 'PRESENCIAL',6500,'Pablo Gómez es un terapeuta radicado en Buenos Aires. Se especializa en tratar casos de bullying, ataques de pánico y suicidio. Estudió Psicología en la Universidad de Buenos Aires y actualmente trabaja en su propia clínica, donde brinda apoyo y orientación a jóvenes y adultos que atraviesan estas dificultades. A sus 35 años, Pablo encuentra satisfacción en ayudar a sus pacientes a superar sus problemas emocionales y mejorar su calidad de vida.', '1994-04-18', 'pgomez@uade.edu.ar', 'Gómez', '0556789012', 'Pablo', '01156789012', 'https://encrypted-tbn0.gstatic.com/images?q=tbn:ANd9GcQ75eovS8plIn2Dc5SoUp3VOmAx7VQIpPibwQ&usqp=CAU','ALMAGRO', 'PSICOANALISIS'),
    ('cfernandez', 'HIBRIDO',5750,'Carolina Fernández es una terapeuta especializada en ataques de pánico, ansiedad, sexología y psicoanálisis. Trabaja en el Centro de Salud Emocional "Equilibrio Interior". Carolina ha ganado reconocimiento por su enfoque integrador y compasivo para abordar los desafíos emocionales de sus pacientes. Estudió en la Universidad de Buenos Aires y tiene 36 años. Su dedicación a ayudar a las personas a superar los obstáculos emocionales, explorar su sexualidad de manera saludable y encontrar la armonía interna ha sido su motor en el campo terapéutico.', '1991-07-05', 'cfernandez@uade.edu.ar', 'Fernández', '0667890123', 'Carolina', '01167890123','https://encrypted-tbn0.gstatic.com/images?q=tbn:ANd9GcSW4phy9gmLKHF82yRn-8sahrA-iLFrZTyKhQ&usqp=CAU', 'AGRONOMIA', 'TERAPIA_COGNITIVO_CONDUCTUAL'),
    ('mmartinez', 'VIRTUAL', 5500,'Miguel Martínez es un terapeuta con especialización en ansiedad, ludopatía y psicoanálisis. Trabaja en el Instituto de Psicología Integrativa, donde ha ayudado a numerosos pacientes a superar sus desafíos emocionales. Miguel estudió en la Universidad del Salvador y tiene 38 años. Su enfoque terapéutico se basa en comprender las raíces de los problemas y trabajar en la transformación personal. Su pasión por el psicoanálisis y su deseo de ayudar a las personas a encontrar la calma y el equilibrio han sido los pilares de su carrera.', '1987-12-22', 'mmartinez@uade.edu.ar', 'Martínez', '0779012345', 'Miguel', '01178901234','https://photos.psychologytoday.com/50828f8c-6078-44cc-bbc8-0a2e53fd628e/2/320x400.jpeg', 'PARQUE_AVELLANEDA', 'TERAPIA_GRUPAL'),
    ('lgarcia', 'PRESENCIAL',6000,'Lucía García es una terapeuta especializada en anorexia, análisis de sueño y ludopatía. Trabaja en el Centro de Salud Mental "Equilibrio y Bienestar". Lucía se ha dedicado a ayudar a aquellos que luchan contra la anorexia, los trastornos del sueño y la ludopatía, brindando un enfoque cálido y comprensivo. Estudió en la Universidad Nacional de Buenos Aires y tiene 32 años. Su compromiso con el bienestar emocional y la recuperación ha hecho que sea una terapeuta muy valorada.', '1993-08-09', 'lgarcia@uade.edu.ar', 'García', '0880123456', 'Lucía', '01189012345','https://encrypted-tbn0.gstatic.com/images?q=tbn:ANd9GcQg-Ufk4PwE41gLe0xxUH0_6KxuF70O09FfeQ&usqp=CAU', 'AGRONOMIA', 'TERAPIA_FAMILIAR'),
    ('romigonzalez', 'HIBRIDO',4500,'Romina González es una destacada terapeuta especializada en análisis de sueño, trastorno por estrés postraumático, insomnio y adicciones. Trabaja en su propio consultorio privado llamado "Sueños y Renovación". Romina se ha ganado la confianza de sus pacientes al brindarles un espacio acogedor y de escucha compasiva. Estudió en la Universidad de Buenos Aires y tiene 35 años. Su pasión por comprender los sueños y ayudar a las personas a superar traumas y adicciones ha sido el motor de su carrera.', '1989-02-26', 'rgonzalez@uade.edu.ar', 'González', '0991234567', 'Romina', '01190123456','https://media.licdn.com/dms/image/C4E03AQG18n-orj3Wfg/profile-displayphoto-shrink_800_800/0/1588523206255?e=2147483647&v=beta&t=wmBtohzAiRLTDdNw0sYZYg9nLE6i4DDF8KZDPEjn80Q', 'BELGRANO', 'PSICOANALISIS'),
    ('mgomez', 'PRESENCIAL',5250,'Marcelo Gómez es un terapeuta con especialización en adicciones, trastorno por estrés postraumático, estrés y terapia grupal. Trabaja en el Centro de Rehabilitación Integral y se ha convertido en una figura respetada en el campo de la rehabilitación. Marcelo estudió en la Universidad de Buenos Aires y tiene 40 años. Le apasiona ayudar a las personas a superar sus adicciones y manejar el estrés, creando un espacio seguro y de apoyo donde los pacientes pueden encontrar la fuerza para sanar y transformarse.', '1990-05-17', 'mgomez@uade.edu.ar', 'Gómez', '0102345678', 'Marcelo', '01101234567','https://encrypted-tbn0.gstatic.com/images?q=tbn:ANd9GcTumP_T6ckm-dMmTziAAnzC7sqEWckTvwXmXw&usqp=CAU', 'BELGRANO', 'TERAPIA_COGNITIVO_CONDUCTUAL');

INSERT INTO THERAPY_TREATMENTS
VALUES
    (1, 'ADICCIONES', 'mgomez'),
    (2, 'ANALISIS_DE_SUEÑO', 'romigonzalez'),
    (3, 'ANOREXIA', 'lgarcia'),
    (4, 'ANSIEDAD', 'mmartinez'),
    (5, 'ATAQUE_DE_PANICO', 'cfernandez'),
    (6, 'BULLYING', 'pgomez'),
    (7, 'DEPENDENCIA_EMOCIONAL', 'fsanchez'),
    (8, 'DEPRESION', 'rgonzalez'),
    (9, 'DUELO', 'mlopez'),
    (10, 'ESTRES', 'jperez'),
    (11, 'TRASTORNO_POR_ESTRES_POSTRAUMATICO', 'mgomez'),
    (12, 'INSOMNIO', 'romigonzalez'),
    (13, 'LUDOPATIA', 'lgarcia'),
    (14, 'PSICOANALISIS', 'mmartinez'),
    (15, 'SEXOLOGIA', 'cfernandez'),
    (16, 'SUICIDIO', 'pgomez'),
    (17, 'TDAH', 'fsanchez'),
    (18, 'COGNITIVO_CONDUCTUAL', 'rgonzalez'),
    (19, 'TERAPIA_FAMILIAR', 'mlopez'),
    (20, 'TERAPIA_GRUPAL', 'jperez'),
    (21, 'ADICCIONES', 'romigonzalez'),
    (22, 'ANALISIS_DE_SUEÑO', 'lgarcia'),
    (23, 'ANOREXIA', 'mmartinez'),
    (24, 'ANSIEDAD', 'cfernandez'),
    (25, 'ATAQUE_DE_PANICO', 'pgomez'),
    (26, 'BULLYING', 'fsanchez'),
    (27, 'DEPENDENCIA_EMOCIONAL', 'rgonzalez'),
    (28, 'DEPRESION', 'mlopez'),
    (29, 'DUELO', 'jperez'),
    (30, 'ESTRES', 'mgomez'),
    (31, 'TRASTORNO_POR_ESTRES_POSTRAUMATICO', 'romigonzalez'),
    (32, 'INSOMNIO', 'lgarcia'),
    (33, 'LUDOPATIA', 'mmartinez'),
    (34, 'PSICOANALISIS', 'cfernandez'),
    (35, 'SEXOLOGIA', 'pgomez'),
    (36, 'SUICIDIO', 'fsanchez'),
    (37, 'TDAH', 'rgonzalez'),
    (38, 'COGNITIVO_CONDUCTUAL', 'mlopez'),
    (39, 'TERAPIA_FAMILIAR', 'jperez'),
    (40, 'TERAPIA_GRUPAL', 'mgomez'),
    (41, 'ADICCIONES', 'lgarcia'),
    (42, 'ANALISIS_DE_SUEÑO', 'mmartinez'),
    (43, 'ANOREXIA', 'cfernandez'),
    (44, 'ANSIEDAD', 'pgomez'),
    (45, 'ATAQUE_DE_PANICO', 'fsanchez'),
    (46, 'BULLYING', 'rgonzalez'),
    (47, 'DEPENDENCIA_EMOCIONAL', 'mlopez'),
    (48, 'DEPRESION', 'jperez'),
    (49, 'DUELO', 'mgomez'),
    (50, 'ESTRES', 'romigonzalez'),
    (51, 'TRASTORNO_POR_ESTRES_POSTRAUMATICO', 'lgarcia'),
    (52, 'INSOMNIO', 'mmartinez'),
    (53, 'LUDOPATIA', 'cfernandez'),
    (54, 'PSICOANALISIS', 'pgomez'),
    (55, 'SEXOLOGIA', 'fsanchez'),
    (56, 'SUICIDIO', 'rgonzalez'),
    (57, 'TDAH', 'mlopez'),
    (58, 'COGNITIVO_CONDUCTUAL', 'jperez'),
    (59, 'TERAPIA_FAMILIAR', 'mgomez'),
    (60, 'TERAPIA_GRUPAL', 'romigonzalez'),
    (61, 'ADICCIONES', 'lgarcia'),
    (62, 'ANALISIS_DE_SUEÑO', 'mmartinez'),
    (63, 'ANOREXIA', 'cfernandez'),
    (64, 'ANSIEDAD', 'pgomez'),
    (65, 'BULLYING', 'fsanchez'),
    (66, 'DEPENDENCIA_EMOCIONAL', 'rgonzalez'),
    (67, 'DEPRESION', 'mlopez'),
    (68, 'DUELO', 'jperez'),
    (69, 'ESTRES', 'mgomez'),
    (70, 'TRASTORNO_POR_ESTRES_POSTRAUMATICO', 'romigonzalez'),
    (71, 'INSOMNIO', 'lgarcia'),
    (72, 'LUDOPATIA', 'mmartinez'),
    (73, 'PSICOANALISIS', 'cfernandez'),
    (74, 'SEXOLOGIA', 'pgomez'),
    (75, 'SUICIDIO', 'fsanchez'),
    (76, 'TDAH', 'rgonzalez'),
    (77, 'COGNITIVO_CONDUCTUAL', 'mlopez'),
    (78, 'TERAPIA_FAMILIAR', 'jperez'),
    (79, 'TERAPIA_GRUPAL', 'mgomez'),
    (80, 'ADICCIONES', 'romigonzalez'),
    (81, 'ANALISIS_DE_SUEÑO', 'lgarcia'),
    (82, 'ANOREXIA', 'mmartinez'),
    (83, 'ANSIEDAD', 'cfernandez'),
    (84, 'ATAQUE_DE_PANICO', 'pgomez'),
    (85, 'BULLYING', 'fsanchez'),
    (86, 'DEPENDENCIA_EMOCIONAL', 'rgonzalez'),
    (87, 'DEPRESION', 'mlopez'),
    (88, 'DUELO', 'jperez'),
    (89, 'ESTRES', 'mgomez'),
    (90, 'TRASTORNO_POR_ESTRES_POSTRAUMATICO', 'romigonzalez'),
    (91, 'INSOMNIO', 'lgarcia'),
    (92, 'LUDOPATIA', 'mmartinez'),
    (93, 'PSICOANALISIS', 'cfernandez'),
    (94, 'SEXOLOGIA', 'pgomez'),
    (95, 'SUICIDIO', 'fsanchez'),
    (96, 'TDAH', 'rgonzalez'),
    (97, 'COGNITIVO_CONDUCTUAL', 'mlopez'),
    (98, 'TERAPIA_FAMILIAR', 'jperez'),
    (99, 'TERAPIA_GRUPAL', 'mgomez'),
    (100, 'ADICCIONES', 'romigonzalez');

INSERT INTO working_time VALUES
                            (1, '2023-07-01', '10:00:00', '09:00:00', 'jperez'),
                                (2, '2023-07-07', '11:00:00', '10:00:00', 'jperez'),
                                (3, '2023-07-07', '12:00:00', '11:00:00', 'jperez'),
                                (4, '2023-07-07', '13:00:00', '12:00:00', 'jperez'),
                                (5, '2023-07-07', '14:00:00', '13:00:00', 'jperez'),
                                (6, '2023-07-07', '15:00:00', '14:00:00', 'jperez'),
                                (7, '2023-07-07', '16:00:00', '15:00:00', 'jperez'),
                                (8, '2023-07-08', '10:00:00', '09:00:00', 'jperez'),
                                (9, '2023-07-08', '12:00:00', '11:00:00', 'jperez'),
                                (10, '2023-07-08', '14:00:00', '13:00:00', 'jperez'),
                                (11, '2023-07-08', '15:00:00', '14:00:00', 'jperez'),
                                (12, '2023-07-08', '16:00:00', '15:00:00', 'jperez'),
                                (13, '2023-07-11', '10:00:00', '09:00:00', 'jperez'),
                                (14, '2023-07-11', '11:00:00', '10:00:00', 'jperez'),
                                (15, '2023-07-11', '13:00:00', '12:00:00', 'jperez'),
                                (16, '2023-07-11', '14:00:00', '13:00:00', 'jperez'),
                                (17, '2023-07-11', '15:00:00', '14:00:00', 'jperez'),
                                (18, '2023-07-13', '10:00:00', '09:00:00', 'jperez'),
                                (19, '2023-07-13', '11:00:00', '10:00:00', 'jperez'),
                                (20, '2023-07-13', '12:00:00', '11:00:00', 'jperez'),
                                (21, '2023-07-14', '10:00:00', '09:00:00', 'jperez'),
                                (22, '2023-07-14', '11:00:00', '10:00:00', 'jperez'),
                                (23, '2023-07-14', '12:00:00', '11:00:00', 'jperez'),
                                (24, '2023-07-14', '13:00:00', '12:00:00', 'jperez'),
                                (25, '2023-07-14', '14:00:00', '13:00:00', 'jperez'),
                                (26, '2023-07-14', '15:00:00', '14:00:00', 'jperez'),
                                (27, '2023-07-15', '16:00:00', '15:00:00', 'jperez'),
                                (28, '2023-07-16', '10:00:00', '09:00:00', 'jperez'),
                                (29, '2023-07-16', '12:00:00', '11:00:00', 'jperez'),
                                (30, '2023-07-17', '13:00:00', '12:00:00', 'jperez'),
                                (31, '2023-07-21', '16:00:00', '15:00:00', 'jperez'),
                              (32, '2023-07-27', '11:00:00', '10:00:00', 'jperez'),
                               (33, '2023-08-02', '10:00:00', '09:00:00', 'jperez'),
                               (34, '2023-08-02', '11:00:00', '10:00:00', 'jperez'),
                               (35, '2023-08-02', '13:00:00', '12:00:00', 'jperez'),
                               (36, '2023-08-02', '15:00:00', '14:00:00', 'jperez'),
                               (37, '2023-08-07', '10:00:00', '09:00:00', 'jperez'),
                               (38, '2023-08-07', '13:00:00', '12:00:00', 'jperez'),
                               (39, '2023-08-07', '16:00:00', '15:00:00', 'jperez'),
                               (40, '2023-08-11', '10:00:00', '09:00:00', 'jperez'),
                               (41, '2023-08-11', '11:00:00', '10:00:00', 'jperez'),
                               (42, '2023-08-11', '16:00:00', '15:00:00', 'jperez'),
                               (43, '2023-08-12', '10:00:00', '09:00:00', 'jperez'),
                               (44, '2023-08-12', '11:00:00', '10:00:00', 'jperez'),
                               (45, '2023-08-12', '13:00:00', '12:00:00', 'jperez'),
                               (46, '2023-08-15', '16:00:00', '15:00:00', 'jperez'),
                               (47, '2023-08-16', '14:00:00', '13:00:00', 'jperez'),
                               (48, '2023-08-17', '15:00:00', '14:00:00', 'jperez'),
                               (55, '2023-08-24', '11:00:00', '10:00:00', 'jperez'),
                               (56, '2023-08-24', '12:00:00', '11:00:00', 'jperez'),
                               (60, '2023-08-29', '14:00:00', '13:00:00', 'jperez'),
                               (61, '2023-08-29', '15:00:00', '14:00:00', 'jperez'),
                               (62, '2023-08-29', '12:00:00', '11:00:00', 'jperez');

INSERT INTO appointments VALUES
                        (1, '2023-07-11T13:00:00', '', false, 5000, 'CONFIRMADO', 'VIRTUAL', 'pJuanetes', 'jperez'),
                        (2, '2023-07-13T13:00:00', '', true, 5000, 'CONFIRMADO', 'VIRTUAL', 'pJuanetes', 'jperez');

INSERT INTO quotes VALUES
                       (1,'Aunque nadie puede volver atrás y hacer un nuevo comienzo, cualquiera puede comenzar a partir de ahora y crear un nuevo final. Carl Bard'),
                       (2,'La felicidad no puede ser ganada, no es una propiedad. Es la experiencia espiritual de vida de cada minuto con amor, gracia y gratitud. Denis Waitley'),
                       (3,'No conozco el secreto del éxito, pero el secreto del fracaso es procurar seguir siempre la voluntad de los otros.'),
                       (4,'Acepta la responsabilidad de tu vida. Date cuenta que tú eres quien va a llegar a donde quiere ir, nadie más. Les Brown'),
                       (5,'Todos caemos al suelo en algún momento. Es la forma en que te levantas, ese es el verdadero desafío. ¿No es así? Madonna'),
                       (6,'No hay nada imposible, porque los sueños de ayer son las esperanzas de hoy y pueden convertirse en realidad mañana.'),
                       (7,'Si no sabes, te enseño. Si no puedes, te ayudo. Pero si no quieres, lo siento, pero nada puedo hacer por ti.'),
                       (8,'Si tú no construyes tu sueño, alguien va a contratarte para que le ayudes a construir el suyo. Dhirubhai Ambani'),
                       (9,'Lo único que se interpone entre ti y tu sueño, es la voluntad de intentarlo y la creencia de que en realidad es posible. Joel Brown'),
                       (10,'Los desafíos son los que hacen la vida interesante, y superarlos es lo que hace la vida significativa. Joshua J. Marino'),
                       (11,'La única manera de hacer un gran trabajo, es amar lo que haces. Si no lo has encontrado, sigue buscando. No te conformes. Steve Jobs'),
                       (12,'La vida es como fotografía. Necesita los negativos para desarrollarse.'),
                       (13,'Estoy agradecido por todos los que me dijeron NO. Es gracias a ellos estoy siendo yo mismo. Albert Einstein'),
                       (14,'No juzgues cada día por la cosecha que has obtenido, sino por las semillas que has plantado. Robert Louis Stevenson'),
                       (15,'Dondequiera que vayas, sin importar el clima, siempre lleva su propio sol. La actitud lo es todo… D’Angelo'),
                       (16,'Si la oportunidad no llama, construye una puerta. Milton Berle'),
                       (17,'Todos nuestros sueños pueden hacerse realidad si sólo tenemos el coraje de perseguirlos. Walt Disney'),
                       (18,'Amarse a uno mismo es el comienzo de un romance de toda la vida. Oscar Wilde');
